{"IcoMoonType":"selection","icons":[{"icon":{"paths":["M704 640c-64 64-64 128-128 128s-128-64-192-128-128-128-128-192 64-64 128-128-128-256-192-256-192 192-192 192c0 128 131.5 387.5 256 512s384 256 512 256c0 0 192-128 192-192s-192-256-256-192z"],"attrs":[],"isMulticolor":false,"isMulticolor2":false,"tags":["phone","telephone","contact","support","call"],"defaultCode":59714,"grid":16},"attrs":[],"properties":{"ligatures":"phone, telephone","name":"phone","id":66,"order":2,"prevSize":32,"code":59714},"setIdx":0,"setId":0,"iconIdx":66},{"icon":{"paths":["M928 128h-832c-52.8 0-96 43.2-96 96v640c0 52.8 43.2 96 96 96h832c52.8 0 96-43.2 96-96v-640c0-52.8-43.2-96-96-96zM398.74 550.372l-270.74 210.892v-501.642l270.74 290.75zM176.38 256h671.24l-335.62 252-335.62-252zM409.288 561.698l102.712 110.302 102.71-110.302 210.554 270.302h-626.528l210.552-270.302zM625.26 550.372l270.74-290.75v501.642l-270.74-210.892z"],"attrs":[],"isMulticolor":false,"isMulticolor2":false,"tags":["envelop","mail","email","contact","letter"],"defaultCode":59717,"grid":16},"attrs":[],"properties":{"ligatures":"envelop, mail","name":"envelop","id":69,"order":3,"prevSize":32,"code":59717},"setIdx":0,"setId":0,"iconIdx":69},{"icon":{"paths":["M192 64v768h768v-768h-768zM896 768h-640v-640h640v640zM128 896v-672l-64-64v800h800l-64-64h-672z","M352 256l160 160-192 192 96 96 192-192 160 160v-416z"],"attrs":[],"isMulticolor":false,"isMulticolor2":false,"tags":["new-tab","out","external","outside","popout","link","blank"],"defaultCode":60030,"grid":16},"attrs":[],"properties":{"ligatures":"new-tab, out2","name":"new-tab","id":382,"order":6,"prevSize":32,"code":60030},"setIdx":0,"setId":0,"iconIdx":382},{"icon":{"paths":["M928 0h-832c-52.8 0-96 43.2-96 96v832c0 52.8 43.2 96 96 96h832c52.8 0 96-43.2 96-96v-832c0-52.8-43.2-96-96-96zM384 832h-128v-448h128v448zM320 320c-35.4 0-64-28.6-64-64s28.6-64 64-64c35.4 0 64 28.6 64 64s-28.6 64-64 64zM832 832h-128v-256c0-35.4-28.6-64-64-64s-64 28.6-64 64v256h-128v-448h128v79.4c26.4-36.2 66.8-79.4 112-79.4 79.6 0 144 71.6 144 160v288z"],"attrs":[],"isMulticolor":false,"isMulticolor2":false,"tags":["linkedin","brand","social"],"defaultCode":60105,"grid":16},"attrs":[],"properties":{"ligatures":"linkedin, brand64","name":"linkedin","id":457,"order":4,"prevSize":32,"code":60105},"setIdx":0,"setId":0,"iconIdx":457}],"height":1024,"metadata":{"name":"icomoon"},"preferences":{"showGlyphs":true,"showCodes":true,"showQuickUse":true,"showQuickUse2":true,"showSVGs":true,"fontPref":{"prefix":"icon-","metadata":{"fontFamily":"icomoon"},"metrics":{"emSize":1024,"baseline":6.25,"whitespace":50},"embed":false},"imagePref":{"prefix":"icon-","png":true,"useClassSelector":true,"color":0,"bgColor":16777215},"historySize":50}}